Category,Message
ham,Hello! Just wanted to check in and see how you're doing.
ham,Do you have any plans for the weekend?
spam,Urgent! Your account has been compromised. Click here to reset your password immediately.
ham,Can you send me the report by the end of the day?
spam,Congratulations! You've won a free iPhone. Click here to claim your prize.
ham,Just wanted to remind you about the meeting tomorrow.
ham,"Hey, I saw your post on LinkedIn. We should catch up sometime!"
spam,Your subscription is about to expire. Renew now to avoid losing access.
ham,Hope everything is going well on your side.
ham,Are you free for lunch tomorrow?
spam,You have a limited time offer to win a $1000 gift card. Claim it now!
ham,Just checking if you got my email about the project.
ham,Let me know if you want to grab coffee sometime this week.
spam,Urgent: Your package is on hold. Click here to verify your delivery details.
ham,Do you have the latest version of the presentation?
spam,Get a free trial of our premium service. Act now!
ham,Great job on the project. Let me know if you need any help with the next phase.
ham,Just wanted to know if you can attend the meeting next week.
spam,Limited offer: Get a $2000 loan with no credit check. Apply now!
ham,Can you please confirm the time for the meeting?
ham,Hope your week is going well so far.
spam,Exclusive deal: Get a 50% discount on all products. Buy now!
ham,Looking forward to seeing you at the event tomorrow.
ham,Can you send me your feedback on the proposal?
spam,You’ve been selected for an exclusive offer. Claim your prize today!
ham,Just wanted to say thanks for your help with the project.
spam,Your account has been flagged for suspicious activity. Confirm your identity now.
ham,Let me know if you have any questions about the schedule.
spam,Get a free consultation on your credit report. Call us today!
ham,I think the new design looks great. What's your opinion?
ham,Would you be interested in attending a conference next month?
spam,Congratulations! You've won a $500 Amazon gift card. Claim it before it expires.
ham,I’ve attached the files for your review.
spam,Act fast! This limited time offer will expire soon. Click here to claim your deal.
ham,Hope you’re having a great day so far.
spam,Important: Your account will be locked unless you verify your identity now.
ham,Do you have any updates on the project?
ham,Let's set up a call to discuss the details.
spam,You’ve won a free vacation! Click here to claim your prize.
ham,Looking forward to our meeting later today.
ham,Let me know if you're available to meet this week.
spam,Your payment is overdue. Pay now to avoid late fees.
ham,Could you send me the final version of the report?
ham,What time works best for you for a quick call?
spam,Hurry! Last chance to buy tickets for the exclusive event. Limited spots left!
ham,I hope everything is going smoothly with the team.
ham,Can you confirm your availability for the meeting?
spam,Your package is ready for delivery. Click here for tracking details.
ham,Would love to meet you for coffee next week!
spam,Unlock your financial freedom with a quick loan application. Apply now!
ham,Just wanted to confirm the time for our next meeting.
ham,Let me know if you need any assistance with the presentation.
spam,Urgent: Your account balance is negative. Click here to resolve it.
ham,Can you forward me the latest draft?
ham,Looking forward to catching up soon!
spam,Click here to claim your free vacation package. Don’t miss out!
ham,I’ve sent the email with all the details.
ham,Can we move our meeting to next Tuesday?
spam,Get a $500 bonus for signing up today. Limited offer!
ham,Hope to see you soon!
ham,Do you have the latest updates on the project?
spam,Warning: Your account has been suspended. Reactivate now by clicking here.
ham,Let me know if you can make it to the meeting tomorrow.
ham,Looking forward to hearing your thoughts on the proposal.
spam,"Congratulations, you’ve been selected for a special offer. Claim it now!"
ham,Hope you're doing well. Any updates on the project?
spam,This is your final notice to claim your prize. Don’t miss out!
ham,Can we push the meeting to next week?
ham,Just checking in to see if you received my previous message.
spam,Limited time offer: Get a 75% discount on all services. Sign up today!
ham,Looking forward to working with you.
ham,Let me know if you're free for a call later today.
spam,Important: Your subscription is about to expire. Renew today!
ham,Hope you're doing well! Looking forward to hearing from you soon.
ham,Do you have any questions about the project?
spam,Alert: Your account has been compromised. Reset your password immediately.
ham,Can you let me know if you're available for a quick chat?
spam,Exclusive offer: Get a $3000 loan with no interest. Apply now!
ham,Just checking in to see how everything is going.
ham,Would you be interested in joining the webinar?
spam,Get a $500 gift card with your first purchase. Limited time offer!
ham,Looking forward to your feedback.
ham,Can we reschedule the meeting to next week?
spam,You’ve been selected for an exclusive prize. Claim it now before it expires!
ham,Would you be available for a call tomorrow?
ham,Let me know if you need any further information.
ham,Let me know if you're free to meet this week.
spam,Congratulations! You've won a free iPhone. Click here to claim your prize now!
ham,Do you have the final report ready for review?
ham,Looking forward to the meeting next week.
spam,Get a free credit report. Act now before the offer expires.
ham,Can you send me the updated documents?
ham,Let me know if you're available for a quick call.
spam,Special offer: Get a $1000 gift card with no purchase required. Click here!
ham,I will send you the presentation by tomorrow.
spam,Your account has been flagged for suspicious activity. Click here to verify now.
ham,Hope you’re doing well. Let’s catch up soon!
ham,Can you confirm if you're available tomorrow?
spam,You have a limited time to claim your free vacation. Act fast!
ham,Let me know if you need anything else.
ham,Looking forward to your thoughts on the proposal.
spam,Final notice: You’ve won a $2000 gift card. Click here to claim it!
ham,Can you send me the project timeline?
spam,Click here to unlock a special offer available only for today!
ham,Would love to meet you for coffee this weekend.
ham,Do you need help with the presentation?
spam,"Exclusive deal: 50% off on all items. Hurry, offer ends soon!"
ham,Can you please confirm the meeting time?
ham,Let me know if you’re interested in attending the event.
spam,Important: Your subscription is about to expire. Renew now to avoid service disruption.
ham,Would you be available to discuss the project next week?
ham,Looking forward to hearing your thoughts on the draft.
spam,Get a loan with no credit check. Apply now before it’s too late!
ham,Can you send me the final version of the report?
ham,Hope everything is on track with the project.
spam,Urgent: Your account is suspended. Click here to reactivate it immediately.
ham,I will send the feedback to you shortly.
ham,Let me know if you’re available for a quick chat.
spam,You’ve been selected for a special offer. Claim it before it expires!
ham,Do you need assistance with the final project details?
ham,Can you confirm the meeting location?
spam,Exclusive opportunity: Get a free consultation. Click here to schedule now.
ham,Looking forward to seeing you at the meeting tomorrow.
spam,Congratulations! You’ve won a free vacation. Claim your prize now!
ham,Can you send me the presentation slides?
ham,Let me know if you need anything else from me.
spam,Last chance to claim your $500 gift card. Click here to redeem it now!
ham,Hope you’re having a good day. Let me know if you need anything.
ham,Do you have any updates on the schedule?
spam,Hurry! You have just one hour left to claim your exclusive discount.
ham,Would you be free to meet tomorrow?
spam,Final reminder: Your account has been flagged. Verify now to avoid suspension.
ham,Can you send me the document I requested?
ham,Let me know if you need help with the analysis.
spam,Alert: Your package is on hold. Click here to resolve the issue.
ham,Just following up on the meeting request.
spam,Claim your free iPad today! Limited quantities available.
ham,Looking forward to hearing from you soon.
ham,Can you confirm if you're available for a call?
spam,Congratulations! You’ve won a $1000 shopping voucher. Claim it now!
ham,Hope everything is good with the project.
spam,Get a free loan of up to $5000. Apply now!
ham,Would you be available for a call later today?
ham,Let me know if you're available for a quick meeting.
spam,You have an urgent message waiting for you. Click here to view it.
ham,Hope you’re having a great week so far.
ham,Can you confirm your availability for next week?
spam,You’ve won a $5000 shopping spree! Claim your prize now.
ham,Let me know if you need any clarification.
ham,Can you confirm the agenda for the meeting?
spam,Limited time offer: Get 50% off on all services. Act fast!
ham,Looking forward to our meeting tomorrow.
ham,Let me know if you need help with the project presentation.
spam,Important: You have a free gift waiting for you. Click here to claim it.
ham,I will send you the updated version shortly.
ham,Let me know if you’re available for a call tomorrow.
spam,Claim your free vacation today! Click here for more details.
ham,Do you need any help with the upcoming event?
spam,Exclusive offer: Get a $3000 loan with no interest. Apply now!
ham,Can you send me the finalized documents?
ham,Looking forward to hearing your feedback.
spam,Congratulations! You've won a $500 gift card. Claim it now!
ham,Let me know if you need anything from me for the project.
ham,Can you send me the list of attendees for the meeting?
spam,You’ve won a $500 bonus. Claim it before it expires!
ham,Can you confirm if you're available to meet this week?
spam,Alert: Your account has been compromised. Reset your password now!
ham,Looking forward to meeting you soon.
ham,Let me know if you're available for a call later today.
spam,Final notice: Claim your free prize before it expires!
ham,Can you send me the updated project timeline?
ham,Hope you're doing well. Looking forward to seeing you at the meeting.
spam,Get a free consultation on your credit score. Call us today!
ham,Can you send me the final version of the report?
ham,Would you be available for a quick call this afternoon?
spam,You have a limited time to claim your prize. Click here now!
ham,Let me know if you need assistance with the proposal.
ham,Can you confirm the time for our meeting tomorrow?
spam,Your account has been suspended. Reactivate it now by clicking here.
ham,Hope you're doing well. Looking forward to your feedback.
ham,Looking forward to our discussion tomorrow.
spam,You’ve been selected for a special offer. Act fast and claim your reward!
ham,Can you send me the report before the end of the day?
ham,Would you be available to meet this weekend?
spam,Get a loan without any credit check. Apply today!
ham,Let me know if you need help with the presentation.
ham,Can you confirm the location for the meeting?
spam,Alert: Your account has been hacked. Click here to secure it immediately!
ham,Hope you're doing well. Let me know if you need anything.
ham,Can you send me the contract document?
spam,Claim your $2000 prize now. Don't miss out on this limited offer!
ham,Would love to meet you for coffee this weekend.
ham,Can you confirm the meeting time tomorrow?
spam,Exclusive deal: Get a free iPhone. Click here to claim it now!
ham,Let me know if you need any changes in the report.
ham,Hope you're enjoying the weekend. Let's catch up soon.
spam,You’ve been pre-approved for a $5000 loan. Apply now before it expires!
ham,Can you send me the updated schedule for next week?
ham,Looking forward to the meeting tomorrow.
spam,Your account is about to expire. Renew now to avoid service disruption.
ham,Can you send me the email list for the meeting?
ham,Let me know if you need anything for the presentation.
spam,Claim your free vacation package now! Limited time only.
ham,Would you be available for a quick meeting this week?
ham,Hope everything is on track with the project.
spam,You’ve won a $500 gift card. Click here to claim it!
ham,Can you confirm the agenda for tomorrow’s meeting?
ham,Let me know if you need help with the new task.
spam,Get a free consultation on your finances. Click here for more details.
ham,Can you send me the updated meeting minutes?
ham,Looking forward to our discussion next week.
spam,Click here to get your free Amazon gift card. Don't miss out!
ham,Let me know if you’re available to meet tomorrow.
ham,Can you confirm the details for next week's event?
spam,Congratulations! You've won a $1000 prize. Click here to redeem it!
ham,Hope you had a great weekend. Let’s catch up soon.
ham,Can you send me the presentation slides?
spam,Final notice: Your account is suspended. Reactivate now!
ham,Let me know if you’re available for a call later today.
ham,Can you send me the latest project update?
spam,"Exclusive offer: Get 50% off on all services. Hurry, offer ends soon!"
ham,Would you be available to meet this weekend?
ham,Looking forward to our meeting next week.
spam,Limited time only: Get a free iPhone. Click here to claim it!
ham,Let me know if you need any more information from me.
ham,Can you confirm the time for the meeting tomorrow?
spam,You have an urgent message waiting for you. Click here to view it now!
ham,Hope everything is going well with your project.
ham,Can you send me the final version of the report?
spam,Alert: Your credit card has been compromised. Click here to secure it.
ham,Looking forward to our call tomorrow.
ham,Would you be free for a meeting this week?
spam,Your subscription has been renewed automatically. Click here to cancel.
ham,Let me know if you’re free to meet next week.
ham,Can you confirm the details for the meeting tomorrow?
spam,Final reminder: Your account has been flagged for suspicious activity.
ham,Looking forward to the project updates.
ham,Can you send me the presentation by end of the day?
spam,Get a free consultation on your mortgage. Call us now!
ham,Let me know if you’re available for a quick chat this afternoon.
ham,Can you confirm the location for the meeting tomorrow?
spam,Click here to claim your $500 gift card. Limited time only!
ham,Would you be free for a meeting later this week?
ham,Let me know if you need assistance with the presentation.
spam,Urgent: Your package is being held. Click here to resolve the issue.
ham,Looking forward to seeing you at the meeting tomorrow.
ham,Can you confirm the schedule for the project review?
spam,Important: Your email address has been compromised. Click here to secure it.
ham,Hope you're having a great week so far.
ham,Let me know if you need help with any upcoming tasks.
spam,Congratulations! You've won a free vacation package. Claim it now!
ham,Can you confirm the details for the meeting this afternoon?
ham,Let me know if you're available for a quick chat.
spam,Special offer: Get a $1000 loan with no interest. Apply today!
ham,Hope everything is going smoothly with the project.
ham,Looking forward to the meeting next week.
spam,Your account is at risk! Click here to verify your identity now!
ham,Let me know if you need any help with the project.
ham,Can you confirm the time for the presentation?
spam,You’ve won a $5000 prize! Click here to claim it now!
ham,Hope everything is going well with your tasks.
ham,Can you send me the updated project report?
spam,Final reminder: Your account will be suspended if you don't act now!
ham,Looking forward to hearing from you soon.
ham,Can you send me the agenda for the meeting?
spam,Get a free consultation on your finances. Click here to schedule it!
ham,Let me know if you're available for a quick meeting tomorrow.
ham,Can you confirm the details for the upcoming conference?
spam,Hurry! Limited offer on loans at 0% interest. Apply today!
ham,Looking forward to our discussion tomorrow.
ham,Can you send me the updated schedule for the next meeting?
spam,Exclusive offer: Get a free consultation on debt management. Click here!
ham,Would you be available for a quick call later today?
ham,Hope everything is on track for the upcoming project.
spam,You have a new message from your bank. Click here to view it.
ham,Let me know if you need assistance with the presentation.
ham,Can you confirm the agenda for tomorrow’s meeting?
spam,Congratulations! You've won a free gift card. Click here to claim it!
ham,Looking forward to hearing from you regarding the report.
ham,Can you send me the contract by end of the day?
spam,Final notice: Your account is about to expire. Click here to renew.
ham,Would you be available to meet later this week?
ham,Let me know if you’re available for a quick chat tomorrow.
spam,Your loan has been approved. Click here to receive the details!
ham,Can you send me the final version of the proposal?
ham,Looking forward to our meeting next week.
spam,Urgent: Your bank account has been locked. Click here to unlock it.
ham,Let me know if you need help with the new project.
ham,Can you send me the final report?
spam,Special offer: Get a free vacation if you act now. Click here!
ham,Looking forward to our call tomorrow.
ham,Let me know if you need assistance with the meeting agenda.
spam,You’ve won a $5000 gift card. Click here to claim it!
ham,Can you send me the project update for this week?
ham,Hope you're doing well. Looking forward to our meeting.
spam,Exclusive offer: Get a free phone. Limited time offer!
ham,Let me know if you need help with the upcoming presentation.
ham,Can you confirm the location for the meeting tomorrow?
spam,Get a free consultation on tax services. Click here for more details.
ham,Looking forward to seeing you at the meeting.
ham,Can you send me the updated report?
spam,Alert: Your account has been compromised. Click here to secure it.
ham,Let me know if you're available for a quick chat tomorrow.
ham,Can you confirm the details for next week’s meeting?
spam,You’ve won a $500 gift card. Click here to claim it!
ham,Looking forward to the meeting tomorrow.
ham,Can you send me the latest presentation?
spam,Limited time offer: Get a $1000 loan with no credit check. Apply now!
ham,Let me know if you're available for a quick meeting tomorrow.
ham,Can you send me the agenda for the meeting next week?
spam,You have an urgent message. Click here to view it now!
ham,Looking forward to the project update.
ham,Let me know if you need any help with the upcoming report.
spam,Alert: Your email account has been flagged for suspicious activity.
ham,Hope everything is going well with your tasks.
ham,Can you send me the updated schedule for next week?
spam,Exclusive offer: Get a $5000 loan with no interest. Apply today!
ham,Let me know if you're available for a quick call.
ham,Can you send me the updated version of the contract?
spam,Get your free vacation package. Limited time offer!
ham,Looking forward to hearing from you regarding the meeting details.
ham,"Can you confirm the details for the presentation tomorrow?
spam,Claim your free prize now! Click here for your gift card."""
ham,Can you send me the draft for tomorrow's meeting?
ham,Looking forward to the meeting next week.
spam,Your account has been compromised. Click here to secure your data!
ham,Hope you had a good weekend. Let's catch up soon.
ham,Can you send me the final version of the proposal?
spam,Hurry up! Limited time offer for loans with 0% interest. Apply today!
ham,Let me know if you need any help with the presentation.
ham,Can you confirm the time for the meeting tomorrow?
spam,You’ve won a $500 gift card. Claim it now!
ham,Looking forward to discussing the project update.
ham,Let me know if you’re available for a quick call later.
spam,Congratulations! You have been selected for a $5000 cash prize!
ham,Can you send me the project details for this week?
ham,Looking forward to our chat later this afternoon.
spam,Your loan has been approved. Click here to access the details.
ham,Let me know if you need help with the report.
ham,Can you send me the proposal draft by end of the day?
spam,Urgent: Your account is about to be suspended. Click here to reactivate it!
ham,Looking forward to our meeting tomorrow.
ham,Can you send me the final presentation for the meeting?
spam,Exclusive offer! Get a free consultation on debt relief services.
ham,Let me know if you're available for a quick chat.
ham,Can you send me the latest version of the report?
spam,Get a $5000 loan with no credit check. Apply now!
ham,Looking forward to hearing from you soon.
ham,Can you confirm the time for the call tomorrow?
spam,You have a new message from your bank. Click here to view it.
ham,Let me know if you need any help with the upcoming presentation.
ham,Can you send me the final version of the document?
spam,Your account has been locked. Click here to unlock it now.
ham,Looking forward to our next meeting.
ham,Can you send me the updated report for this week?
spam,Congratulations! You've been selected to receive a $1000 gift card.
ham,Let me know if you're available for a quick meeting tomorrow.
ham,Can you send me the updated version of the contract?
spam,Limited time offer: Get a free phone with a subscription. Apply now!
ham,Looking forward to hearing from you regarding the proposal.
ham,Can you confirm the agenda for tomorrow’s meeting?
spam,Your bank account has been compromised. Click here to secure it!
ham,Let me know if you need any assistance with the presentation.
ham,Can you send me the latest project update?
spam,You’ve won a $5000 prize. Click here to claim it!
ham,Looking forward to catching up later this week.
ham,Can you send me the meeting notes?
spam,Urgent: Your account is at risk. Click here to secure it.
ham,Let me know if you need help with the upcoming report.
ham,Can you send me the final version of the project?
spam,Exclusive offer: Get a free consultation on credit repair services.
ham,Looking forward to our discussion next week.
ham,Can you send me the details for tomorrow's presentation?
spam,You’ve won a free vacation. Click here to claim your prize!
ham,Let me know if you're available for a quick call tomorrow.
ham,Can you send me the project update by end of the day?
spam,Limited time offer: Get a $5000 loan with no interest. Apply now!
ham,Looking forward to the discussion tomorrow.
ham,Can you send me the meeting details?
spam,Your email account has been compromised. Click here to secure it.
ham,Let me know if you need any help with the project.
ham,Can you send me the updated schedule for next week?
spam,Hurry up! Your account will be suspended if you don’t click here.
ham,Looking forward to seeing you at the meeting.
ham,Can you confirm the location for the meeting tomorrow?
spam,You’ve won a $1000 prize. Click here to claim it!
spam,Urgent: You need to verify your account now to avoid suspension.
ham,Let me know if you need any help with the report.
ham,Can you send me the final proposal for review?
spam,Your bank account is at risk! Click here to secure it.
ham,Looking forward to our discussion tomorrow.
ham,Can you send me the updates for the team meeting?
spam,You have a limited time to claim your $5000 prize! Act now.
ham,Let me know if you're free for a quick call.
ham,Can you send me the final report for the project?
spam,Exclusive offer: Get a $1000 cash advance with no credit check!
ham,Looking forward to the updates in tomorrow’s meeting.
ham,Can you send me the details of your upcoming conference?
spam,You’ve been selected for a $5000 cash prize. Click to claim!
ham,Let me know if you're available for the meeting.
ham,Can you send me the contract for the new project?
spam,Congratulations! You’ve won a free vacation. Click here!
ham,Looking forward to hearing from you soon.
ham,Can you confirm the time for tomorrow's conference call?
spam,Your account has been suspended. Click here to reactivate it!
ham,Let me know if you have any questions about the presentation.
ham,Can you send me the project deliverables for this week?
spam,Hurry! Your loan approval is waiting. Click here to apply!
ham,Looking forward to our discussion later this week.
ham,Can you send me the final project status update?
spam,You’ve won a $5000 prize. Claim it now before it expires!
ham,Let me know if you need any help with the upcoming presentation.
ham,Can you send me the final version of the meeting agenda?
spam,Your account is at risk. Click here to secure it immediately!
ham,Looking forward to catching up soon.
ham,Can you send me the details for tomorrow's meeting?
spam,Congratulations! You’ve won a $2000 gift card. Claim it now!
ham,Let me know if you're free for a quick chat this afternoon.
ham,Can you send me the latest version of the proposal?
spam,You’ve been selected to receive a $5000 prize. Click here to claim!
ham,Looking forward to hearing from you about the upcoming project.
ham,Can you send me the meeting notes for today’s session?
spam,Urgent: Your account is compromised. Click here to resolve it!
ham,Let me know if you need anything before tomorrow’s meeting.
ham,Can you send me the presentation slides for the client meeting?
spam,Get a $1000 loan with no credit check. Apply now!
ham,Looking forward to the discussion tomorrow.
ham,Can you send me the updated project timeline?
spam,You’ve won a $5000 gift card! Click here to claim it!
ham,Let me know if you need any help with the final report.
ham,Can you send me the proposal for the new project?
spam,Urgent: Your account has been locked. Click here to unlock it!
ham,Looking forward to hearing from you regarding the updates.
ham,Can you send me the finalized version of the presentation?
spam,You’ve won a $2000 cash prize! Click to claim it now.
ham,Let me know if you need help with anything for tomorrow.
ham,Can you send me the details of the new project?
spam,Hurry! Your free trial is ending soon. Click here to extend.
ham,Looking forward to working on this project together.
ham,Can you send me the draft of the new proposal?
spam,Congratulations! You’ve been selected for a free vacation. Claim now!
ham,Let me know if you're free for a call later today.
ham,Can you send me the contract details for the new project?
spam,You’ve won a $5000 prize. Click here to claim it!
ham,Looking forward to meeting you tomorrow.
ham,Can you send me the meeting schedule for next week?
spam,Urgent: Your account has been flagged for suspicious activity. Click here to fix it.
ham,Let me know if you need any additional details for the report.
ham,Can you send me the updated project proposal?
spam,Congratulations! You’ve been selected for a $1000 gift card. Claim it here!
ham,Looking forward to catching up later this week.
ham,Can you send me the final report for this quarter?
spam,You’ve won a $2000 prize. Click here to claim it!
ham,Let me know if you're available for a quick meeting tomorrow.
ham,Can you send me the project outline for next week?
spam,You’ve been chosen for a $5000 gift card. Claim it now!
ham,Looking forward to hearing from you about the upcoming project.
ham,Can you send me the final draft of the proposal?
spam,Congratulations! You’ve been selected for a $1000 loan. Apply now!
ham,Let me know if you have any questions about the report.
ham,Can you send me the meeting agenda for tomorrow?
spam,Hurry! Your account is locked. Click here to unlock it immediately.
ham,Looking forward to our call tomorrow.
ham,Can you send me the presentation slides for next week?
spam,Urgent: Your account is compromised. Click here to restore access!
ham,Let me know if you need any help with the presentation.
ham,Can you send me the final report before the meeting?
spam,Congratulations! You’ve won a $5000 prize. Click here to claim it!
ham,Looking forward to receiving the updated proposal.
ham,Can you send me the team meeting notes for today?
spam,You’ve been selected for a $1000 prize! Click here to claim it!
ham,Let me know if you're free for a call this afternoon.
ham,Can you send me the finalized agenda for the meeting?
spam,You’ve been awarded a $2000 cash prize! Claim it now!
ham,Looking forward to discussing the project updates.
ham,Can you send me the updated timeline for the project?
spam,Congratulations! You’ve won a free vacation. Click here to claim!
ham,Let me know if you need help with the final details.
ham,Can you send me the new project contract for review?
spam,Hurry! Your loan approval is pending. Click here to complete the process.
ham,Looking forward to hearing from you about the proposal.
ham,Can you send me the finalized version of the report?
spam,You’ve won a $5000 gift card! Click here to claim it now!
ham,Let me know if you need any further details on the project.
ham,Can you send me the updated meeting agenda?
spam,Urgent: Your account has been suspended. Click here to reactivate it!
ham,Looking forward to our upcoming discussion.
ham,Can you send me the contract details for the new project?
spam,You’ve been selected for a $1000 loan. Apply now!
ham,Let me know if you're available for a quick chat.
ham,Can you send me the final version of the presentation?
spam,Congratulations! You’ve been selected for a $2000 prize. Claim it now!
ham,Looking forward to the project discussion next week.
ham,Can you send me the updated project schedule?
spam,Your account has been locked. Click here to unlock it now!
ham,Let me know if you have any questions about the contract.
ham,Can you send me the latest version of the proposal?
spam,Congratulations! You’ve won a $5000 cash prize. Claim it here!
ham,Looking forward to catching up soon.
ham,Can you send me the final version of the meeting agenda?
spam,Hurry! Your account is at risk. Click here to secure it now!
ham,Let me know if you need any help with the final report.
ham,Can you send me the finalized proposal for the project?
spam,Urgent: Your account has been flagged. Click here to resolve it.
ham,Looking forward to the updates for tomorrow’s meeting.
ham,Can you send me the final project status update?
spam,You’ve won a $5000 prize. Claim it now before it expires!
ham,Let me know if you're free for a quick call this afternoon.
ham,Can you send me the latest version of the report?
spam,You’ve won a $1000 gift card! Click here to claim it!
ham,Looking forward to hearing your thoughts on the proposal.
ham,Can you send me the finalized version of the contract?
spam,You’ve been selected for a $2000 cash prize. Click here to claim it!
ham,Let me know if you need any further assistance.
ham,Can you send me the updated proposal for review?
spam,Congratulations! You’ve won a $5000 gift card! Claim it now.
ham,Looking forward to catching up tomorrow.
ham,Can you send me the final version of the team presentation?
spam,You’ve won a $1000 prize. Claim it here now!
ham,Let me know if you need help with anything for the meeting.
ham,Can you send me the final contract details for the project?
spam,Urgent: Your account has been suspended. Reactivate it now.
ham,Looking forward to our upcoming meeting.
ham,Can you send me the final project deliverables?
spam,You’ve won a $5000 prize! Click here to claim it.
ham,Let me know if you have any questions about the proposal.
ham,Can you send me the final version of the report?
spam,Congratulations! You’ve been selected for a $2000 prize. Claim it now!
ham,Looking forward to hearing your thoughts on the project.
ham,Can you send me the final draft of the contract?
